{"build_type": "release", "env_name": "waveshare_rp2040_lora_amazon_repeater", "libsource_dirs": ["p:\\Tony_stuff\\Meshcore\\MeshCore-main\\MeshCore-main\\lib", "p:\\Tony_stuff\\Meshcore\\MeshCore-main\\MeshCore-main\\.pio\\libdeps\\waveshare_rp2040_lora_amazon_repeater", "C:\\Users\\Tony\\.platformio\\lib", "C:\\Users\\Tony\\.platformio\\packages\\framework-arduinopico\\libraries"], "defines": ["PLATFORMIO=60119", "ARDUINO_RASPBERRY_PI_PICO", "ARDUINO_ARCH_RP2040", "USBD_MAX_POWER_MA=500", "NDEBUG", "RADIOLIB_STATIC_ONLY=1", "RADIOLIB_GODMODE=1", "LORA_FREQ=869.525", "LORA_BW=250", "LORA_SF=11", "ENABLE_ADVERT_ON_BOOT=1", "ENABLE_PRIVATE_KEY_IMPORT=1", "ENABLE_PRIVATE_KEY_EXPORT=1", "RADIOLIB_EXCLUDE_CC1101=1", "RADIOLIB_EXCLUDE_RF69=1", "RADIOLIB_EXCLUDE_SX1231=1", "RADIOLIB_EXCLUDE_SI443X=1", "RADIOLIB_EXCLUDE_RFM2X=1", "RADIOLIB_EXCLUDE_SX128X=1", "RADIOLIB_EXCLUDE_AFSK=1", "RADIOLIB_EXCLUDE_AX25=1", "RADIOLIB_EXCLUDE_HELLSCHREIBER=1", "RADIOLIB_EXCLUDE_MORSE=1", "RADIOLIB_EXCLUDE_APRS=1", "RADIOLIB_EXCLUDE_BELL=1", "RADIOLIB_EXCLUDE_RTTY=1", "RADIOLIB_EXCLUDE_SSTV=1", "RP2040_PLATFORM", "SX126X_CURRENT_LIMIT=140", "RADIO_CLASS=CustomSX1262", "WRAPPER_CLASS=CustomSX1262Wrapper", "P_LORA_DIO_1=16", "P_LORA_NSS=13", "P_LORA_RESET=23", "P_LORA_BUSY=18", "P_LORA_SCLK=14", "P_LORA_MISO=24", "P_LORA_MOSI=15", "P_LORA_TX_LED=25", "P_LORA_ANT_SW=17", "SX126X_DIO2_AS_RF_SWITCH=false", "SX126X_DIO3_TCXO_VOLTAGE=0", "SX126X_RX_BOOSTED_GAIN=1", "LORA_TX_POWER=22", "ADVERT_NAME=\"RP2040-LoRa-HF Repeater\"", "ADVERT_LAT=0.0", "ADVERT_LON=0.0", "ADMIN_PASSWORD=\"password\"", "MAX_NEIGHBOURS=50", "CFG_TUSB_MCU=OPT_MCU_RP2040", "CFG_TUSB_OS=OPT_OS_PICO", "CYW43_DEFAULT_PIN_WL_CLOCK=29u", "CYW43_DEFAULT_PIN_WL_CS=25u", "CYW43_DEFAULT_PIN_WL_DATA_IN=24u", "CYW43_DEFAULT_PIN_WL_DATA_OUT=24u", "CYW43_DEFAULT_PIN_WL_HOST_WAKE=24u", "CYW43_DEFAULT_PIN_WL_REG_ON=23u", "CYW43_PIN_WL_DYNAMIC=1", "CYW43_PIO_CLOCK_DIV_DYNAMIC=1", "CYW43_WARN=//", "LIB_BOOT_STAGE2_HEADERS=1", "LIB_PICO_AON_TIMER=1", "LIB_PICO_ATOMIC=1", "LIB_PICO_BIT_OPS=1", "LIB_PICO_BIT_OPS_PICO=1", "LIB_PICO_BOOTSEL_VIA_DOUBLE_RESET=1", "LIB_PICO_CLIB_INTERFACE=1", "LIB_PICO_CRT0=1", "LIB_PICO_CXX_OPTIONS=1", "LIB_PICO_DIVIDER=1", "LIB_PICO_DIVIDER_COMPILER=1", "LIB_PICO_DOUBLE=1", "LIB_PICO_FIX_RP2040_USB_DEVICE_ENUMERATION=1", "LIB_PICO_FLASH=1", "LIB_PICO_FLOAT=1", "LIB_PICO_FLOAT_PICO=1", "LIB_PICO_INT64_OPS=1", "LIB_PICO_INT64_OPS_COMPILER=1", "LIB_PICO_MALLOC=1", "LIB_PICO_MEM_OPS=1", "LIB_PICO_MEM_OPS_COMPILER=1", "LIB_PICO_MULTICORE=1", "LIB_PICO_NEWLIB_INTERFACE=1", "LIB_PICO_PLATFORM=1", "LIB_PICO_PLATFORM_COMMON=1", "LIB_PICO_PLATFORM_COMPILER=1", "LIB_PICO_PLATFORM_PANIC=1", "LIB_PICO_PLATFORM_SECTIONS=1", "LIB_PICO_PRINTF=1", "LIB_PICO_PRINTF_PICO=1", "LIB_PICO_RAND=1", "LIB_PICO_RUNTIME=1", "LIB_PICO_RUNTIME_INIT=1", "LIB_PICO_STANDARD_BINARY_INFO=1", "LIB_PICO_STANDARD_LINK=1", "LIB_PICO_STDIO=0", "LIB_PICO_STDIO_UART=0", "LIB_PICO_STDLIB=1", "LIB_PICO_SYNC=1", "LIB_PICO_SYNC_CRITICAL_SECTION=1", "LIB_PICO_SYNC_MUTEX=1", "LIB_PICO_SYNC_SEM=1", "LIB_PICO_TIME=1", "LIB_PICO_TIME_ADAPTER=1", "LIB_PICO_UNIQUE_ID=1", "LIB_PICO_UTIL=1", "LIB_TINYUSB_BOARD=1", "LIB_TINYUSB_DEVICE=1", "PICO_32BIT=1", "PICO_BUILD=1", "PICO_COPY_TO_RAM=0", "PICO_NO_BINARY_INFO=1", "PICO_NO_FLASH=0", "PICO_NO_HARDWARE=0", "PICO_ON_DEVICE=1", "PICO_RP2040_USB_DEVICE_ENUMERATION_FIX=1", "PICO_RP2040_USB_DEVICE_UFRAME_FIX=1", "PICO_USE_BLOCKED_RAM=0", "PICO_XOSC_STARTUP_DELAY_MULTIPLIER=64", "PICO_MAX_SHARED_IRQ_HANDLERS=6", "PICO_CYW43_ARCH_HEADER=stdint.h", "CYW43_TASK_STACK_SIZE=1024", "LIB_PICO_DIVIDER_HARDWARE=1", "LIB_PICO_DOUBLE_PICO=1", "LIB_PICO_INT64_OPS_PICO=1", "LIB_PICO_MEM_OPS_PICO=1", "PICO_DOUBLE_SUPPORT_ROM_V1=1", "PICO_FLOAT_SUPPORT_ROM_V1=1", "PICO_PLATFORM=rp2040", "PICO_RP2040=1", "PICO_RP2040_B0_SUPPORTED=1", "PICO_RP2040_B1_SUPPORTED=1", "PICO_RP2040_B2_SUPPORTED=1", "ARM_MATH_CM0_FAMILY", "ARM_MATH_CM0_PLUS", "TARGET_RP2040", "ARDUINO=10810", "ARDUINO_ARCH_RP2040", "F_CPU=133000000L", "BOARD_NAME=\"pico\"", "PICO_FLASH_SIZE_BYTES=2097152", "FILE_COPY_CONSTRUCTOR_SELECT=FILE_COPY_CONSTRUCTOR_PUBLIC", "USE_UTF8_LONG_NAMES=1", "DISABLE_FS_H_WARNING=1", "CFG_TUSB_MCU=OPT_MCU_RP2040", "USB_VID=0x2e8a", "USB_PID=0x000a", "USBD_VID=0x2e8a", "USBD_PID=0x000a", "USB_MANUFACTURER=\"Raspberry Pi\"", "USB_PRODUCT=\"Pico\"", "PICO_CYW43_ARCH_THREADSAFE_BACKGROUND=1", "CYW43_LWIP=1", "CYW43_PIO_CLOCK_DIV_DYNAMIC=1", "LWIP_IPV4=1", "LWIP_IGMP=1", "LWIP_CHECKSUM_CTRL_PER_NETIF=1", "LWIP_IPV6=0", "ARDUINO_VARIANT=\"rpipico\""], "includes": {"build": ["p:\\Tony_stuff\\Meshcore\\MeshCore-main\\MeshCore-main\\include", "p:\\Tony_stuff\\Meshcore\\MeshCore-main\\MeshCore-main\\src", "p:\\Tony_stuff\\Meshcore\\MeshCore-main\\MeshCore-main\\lib\\nrf52\\include", "p:\\Tony_stuff\\Meshcore\\MeshCore-main\\MeshCore-main\\lib\\nrf52", "C:\\Users\\Tony\\.platformio\\packages\\framework-arduinopico\\libraries\\WiFi\\src", "C:\\Users\\Tony\\.platformio\\packages\\framework-arduinopico\\libraries\\Updater\\src", "C:\\Users\\Tony\\.platformio\\packages\\framework-arduinopico\\libraries\\PicoOTA\\src", "C:\\Users\\Tony\\.platformio\\packages\\framework-arduinopico\\libraries\\LittleFS\\src", "C:\\Users\\Tony\\.platformio\\packages\\framework-arduinopico\\libraries\\MD5Builder\\src", "C:\\Users\\Tony\\.platformio\\packages\\framework-arduinopico\\libraries\\lwIP_Ethernet\\src", "p:\\Tony_stuff\\Meshcore\\MeshCore-main\\MeshCore-main\\lib\\ed25519", "p:\\Tony_stuff\\Meshcore\\MeshCore-main\\MeshCore-main\\.pio\\libdeps\\waveshare_rp2040_lora_amazon_repeater\\CayenneLPP\\src", "p:\\Tony_stuff\\Meshcore\\MeshCore-main\\MeshCore-main\\.pio\\libdeps\\waveshare_rp2040_lora_amazon_repeater\\ArduinoJson\\src", "p:\\Tony_stuff\\Meshcore\\MeshCore-main\\MeshCore-main\\.pio\\libdeps\\waveshare_rp2040_lora_amazon_repeater\\Melopero RV3028\\src", "p:\\Tony_stuff\\Meshcore\\MeshCore-main\\MeshCore-main\\.pio\\libdeps\\waveshare_rp2040_lora_amazon_repeater\\RTClib\\src", "p:\\Tony_stuff\\Meshcore\\MeshCore-main\\MeshCore-main\\.pio\\libdeps\\waveshare_rp2040_lora_amazon_repeater\\Adafruit BusIO", "p:\\Tony_stuff\\Meshcore\\MeshCore-main\\MeshCore-main\\.pio\\libdeps\\waveshare_rp2040_lora_amazon_repeater\\Crypto", "p:\\Tony_stuff\\Meshcore\\MeshCore-main\\MeshCore-main\\.pio\\libdeps\\waveshare_rp2040_lora_amazon_repeater\\RadioLib\\src", "C:\\Users\\Tony\\.platformio\\packages\\framework-arduinopico\\libraries\\Wire\\src", "C:\\Users\\Tony\\.platformio\\packages\\framework-arduinopico\\libraries\\SPI\\src", "p:\\Tony_stuff\\Meshcore\\MeshCore-main\\MeshCore-main\\variants\\waveshare_rp2040_lora_amazon", "C:\\Users\\Tony\\.platformio\\packages\\framework-arduinopico\\cores\\rp2040", "C:\\Users\\Tony\\.platformio\\packages\\framework-arduinopico\\cores\\rp2040\\api\\deprecated", "C:\\Users\\Tony\\.platformio\\packages\\framework-arduinopico\\cores\\rp2040\\api\\deprecated-avr-comp", "C:\\Users\\Tony\\.platformio\\packages\\framework-arduinopico\\include\\rp2040", "C:\\Users\\Tony\\.platformio\\packages\\framework-arduinopico\\include\\rp2040\\pico_base", "C:\\Users\\Tony\\.platformio\\packages\\framework-arduinopico\\pico-sdk\\src\\rp2040\\hardware_regs\\include", "C:\\Users\\Tony\\.platformio\\packages\\framework-arduinopico\\pico-sdk\\src\\rp2040\\hardware_structs\\include", "C:\\Users\\Tony\\.platformio\\packages\\framework-arduinopico\\pico-sdk\\src\\rp2040\\pico_platform\\include", "C:\\Users\\Tony\\.platformio\\packages\\framework-arduinopico\\pico-sdk\\src\\rp2_common\\pico_btstack\\include", "C:\\Users\\Tony\\.platformio\\packages\\framework-arduinopico\\pico-sdk\\src\\rp2_common\\pico_cyw43_arch\\include", "C:\\Users\\Tony\\.platformio\\packages\\framework-arduinopico\\pico-sdk\\src\\rp2_common\\pico_cyw43_driver\\include", "C:\\Users\\Tony\\.platformio\\packages\\framework-arduinopico\\pico-sdk\\lib\\cyw43-driver\\src", "C:\\Users\\Tony\\.platformio\\packages\\framework-arduinopico\\pico-sdk\\lib\\btstack\\src", "C:\\Users\\Tony\\.platformio\\packages\\framework-arduinopico\\pico-sdk\\lib\\btstack\\3rd-party\\bluedroid\\decoder\\include", "C:\\Users\\Tony\\.platformio\\packages\\framework-arduinopico\\pico-sdk\\lib\\btstack\\3rd-party\\bluedroid\\encoder\\include", "C:\\Users\\Tony\\.platformio\\packages\\framework-arduinopico\\pico-sdk\\lib\\btstack\\3rd-party\\yxml", "C:\\Users\\Tony\\.platformio\\packages\\framework-arduinopico\\pico-sdk\\lib\\btstack\\platform\\embedded", "C:\\Users\\Tony\\.platformio\\packages\\framework-arduinopico\\pico-sdk\\src\\rp2_common\\cmsis\\stub\\CMSIS\\Device\\RP2040\\Include", "C:\\Users\\Tony\\.platformio\\packages\\framework-arduinopico\\cores\\rp2040\\api\\deprecated-avr-comp", "C:\\Users\\Tony\\.platformio\\packages\\framework-arduinopico", "C:\\Users\\Tony\\.platformio\\packages\\framework-arduinopico\\pico-sdk\\lib\\tinyusb\\src", "C:\\Users\\Tony\\.platformio\\packages\\framework-arduinopico\\pico-sdk\\src\\boards\\include", "C:\\Users\\Tony\\.platformio\\packages\\framework-arduinopico\\pico-sdk\\src\\common\\hardware_claim\\include", "C:\\Users\\Tony\\.platformio\\packages\\framework-arduinopico\\pico-sdk\\src\\common\\pico_base_headers\\include", "C:\\Users\\Tony\\.platformio\\packages\\framework-arduinopico\\pico-sdk\\src\\common\\pico_binary_info\\include", "C:\\Users\\Tony\\.platformio\\packages\\framework-arduinopico\\pico-sdk\\src\\common\\pico_sync\\include", "C:\\Users\\Tony\\.platformio\\packages\\framework-arduinopico\\pico-sdk\\src\\common\\pico_time\\include", "C:\\Users\\Tony\\.platformio\\packages\\framework-arduinopico\\pico-sdk\\src\\common\\pico_util\\include", "C:\\Users\\Tony\\.platformio\\packages\\framework-arduinopico\\pico-sdk\\src\\common\\pico_stdlib_headers\\include", "C:\\Users\\Tony\\.platformio\\packages\\framework-arduinopico\\pico-sdk\\src\\common\\pico_usb_reset_interface_headers\\include", "C:\\Users\\Tony\\.platformio\\packages\\framework-arduinopico\\pico-sdk\\src\\rp2_common\\boot_bootrom_headers\\include", "C:\\Users\\Tony\\.platformio\\packages\\framework-arduinopico\\pico-sdk\\src\\rp2_common\\cmsis\\include", "C:\\Users\\Tony\\.platformio\\packages\\framework-arduinopico\\pico-sdk\\src\\rp2_common\\cmsis\\stub\\CMSIS\\Core\\Include", "C:\\Users\\Tony\\.platformio\\packages\\framework-arduinopico\\pico-sdk\\src\\rp2_common\\hardware_adc\\include", "C:\\Users\\Tony\\.platformio\\packages\\framework-arduinopico\\pico-sdk\\src\\rp2_common\\hardware_base\\include", "C:\\Users\\Tony\\.platformio\\packages\\framework-arduinopico\\pico-sdk\\src\\rp2_common\\hardware_boot_lock\\include", "C:\\Users\\Tony\\.platformio\\packages\\framework-arduinopico\\pico-sdk\\src\\rp2_common\\hardware_clocks\\include", "C:\\Users\\Tony\\.platformio\\packages\\framework-arduinopico\\pico-sdk\\src\\rp2_common\\hardware_divider\\include", "C:\\Users\\Tony\\.platformio\\packages\\framework-arduinopico\\pico-sdk\\src\\rp2_common\\hardware_dma\\include", "C:\\Users\\Tony\\.platformio\\packages\\framework-arduinopico\\pico-sdk\\src\\rp2_common\\hardware_exception\\include", "C:\\Users\\Tony\\.platformio\\packages\\framework-arduinopico\\pico-sdk\\src\\rp2_common\\hardware_flash\\include", "C:\\Users\\Tony\\.platformio\\packages\\framework-arduinopico\\pico-sdk\\src\\rp2_common\\hardware_gpio\\include", "C:\\Users\\Tony\\.platformio\\packages\\framework-arduinopico\\pico-sdk\\src\\rp2_common\\hardware_i2c\\include", "C:\\Users\\Tony\\.platformio\\packages\\framework-arduinopico\\pico-sdk\\src\\rp2_common\\hardware_interp\\include", "C:\\Users\\Tony\\.platformio\\packages\\framework-arduinopico\\pico-sdk\\src\\rp2_common\\hardware_irq\\include", "C:\\Users\\Tony\\.platformio\\packages\\framework-arduinopico\\pico-sdk\\src\\rp2_common\\hardware_rtc\\include", "C:\\Users\\Tony\\.platformio\\packages\\framework-arduinopico\\pico-sdk\\src\\rp2_common\\hardware_pio\\include", "C:\\Users\\Tony\\.platformio\\packages\\framework-arduinopico\\pico-sdk\\src\\rp2_common\\hardware_pll\\include", "C:\\Users\\Tony\\.platformio\\packages\\framework-arduinopico\\pico-sdk\\src\\rp2_common\\hardware_pwm\\include", "C:\\Users\\Tony\\.platformio\\packages\\framework-arduinopico\\pico-sdk\\src\\rp2_common\\hardware_resets\\include", "C:\\Users\\Tony\\.platformio\\packages\\framework-arduinopico\\pico-sdk\\src\\rp2_common\\hardware_spi\\include", "C:\\Users\\Tony\\.platformio\\packages\\framework-arduinopico\\pico-sdk\\src\\rp2_common\\hardware_sync\\include", "C:\\Users\\Tony\\.platformio\\packages\\framework-arduinopico\\pico-sdk\\src\\rp2_common\\hardware_sync_spin_lock\\include", "C:\\Users\\Tony\\.platformio\\packages\\framework-arduinopico\\pico-sdk\\src\\rp2_common\\hardware_timer\\include", "C:\\Users\\Tony\\.platformio\\packages\\framework-arduinopico\\pico-sdk\\src\\rp2_common\\hardware_uart\\include", "C:\\Users\\Tony\\.platformio\\packages\\framework-arduinopico\\pico-sdk\\src\\rp2_common\\hardware_vreg\\include", "C:\\Users\\Tony\\.platformio\\packages\\framework-arduinopico\\pico-sdk\\src\\rp2_common\\hardware_watchdog\\include", "C:\\Users\\Tony\\.platformio\\packages\\framework-arduinopico\\pico-sdk\\src\\rp2_common\\hardware_xosc\\include", "C:\\Users\\Tony\\.platformio\\packages\\framework-arduinopico\\pico-sdk\\src\\rp2_common\\pico_aon_timer\\include", "C:\\Users\\Tony\\.platformio\\packages\\framework-arduinopico\\pico-sdk\\src\\rp2_common\\pico_async_context\\include", "C:\\Users\\Tony\\.platformio\\packages\\framework-arduinopico\\pico-sdk\\src\\rp2_common\\pico_bootrom\\include", "C:\\Users\\Tony\\.platformio\\packages\\framework-arduinopico\\pico-sdk\\src\\rp2_common\\pico_double\\include", "C:\\Users\\Tony\\.platformio\\packages\\framework-arduinopico\\pico-sdk\\src\\rp2_common\\pico_fix\\rp2040_usb_device_enumeration\\include", "C:\\Users\\Tony\\.platformio\\packages\\framework-arduinopico\\pico-sdk\\src\\rp2_common\\pico_flash\\include", "C:\\Users\\Tony\\.platformio\\packages\\framework-arduinopico\\pico-sdk\\src\\rp2_common\\pico_float\\include", "C:\\Users\\Tony\\.platformio\\packages\\framework-arduinopico\\pico-sdk\\src\\rp2_common\\pico_int64_ops\\include", "C:\\Users\\Tony\\.platformio\\packages\\framework-arduinopico\\pico-sdk\\src\\rp2_common\\pico_lwip\\include", "C:\\Users\\Tony\\.platformio\\packages\\framework-arduinopico\\pico-sdk\\src\\rp2_common\\pico_multicore\\include", "C:\\Users\\Tony\\.platformio\\packages\\framework-arduinopico\\pico-sdk\\src\\rp2_common\\pico_platform_common\\include", "C:\\Users\\Tony\\.platformio\\packages\\framework-arduinopico\\pico-sdk\\src\\rp2_common\\pico_platform_compiler\\include", "C:\\Users\\Tony\\.platformio\\packages\\framework-arduinopico\\pico-sdk\\src\\rp2_common\\pico_platform_sections\\include", "C:\\Users\\Tony\\.platformio\\packages\\framework-arduinopico\\pico-sdk\\src\\rp2_common\\pico_platform_panic\\include", "C:\\Users\\Tony\\.platformio\\packages\\framework-arduinopico\\pico-sdk\\src\\rp2_common\\pico_printf\\include", "C:\\Users\\Tony\\.platformio\\packages\\framework-arduinopico\\pico-sdk\\src\\rp2_common\\pico_runtime\\include", "C:\\Users\\Tony\\.platformio\\packages\\framework-arduinopico\\pico-sdk\\src\\rp2_common\\pico_runtime_init\\include", "C:\\Users\\Tony\\.platformio\\packages\\framework-arduinopico\\pico-sdk\\src\\rp2_common\\pico_rand\\include", "C:\\Users\\Tony\\.platformio\\packages\\framework-arduinopico\\pico-sdk\\src\\rp2_common\\pico_stdio\\include", "C:\\Users\\Tony\\.platformio\\packages\\framework-arduinopico\\pico-sdk\\src\\rp2_common\\pico_stdio_uart\\include", "C:\\Users\\Tony\\.platformio\\packages\\framework-arduinopico\\pico-sdk\\src\\rp2_common\\pico_unique_id\\include", "C:\\Users\\Tony\\.platformio\\packages\\framework-arduinopico\\pico-sdk\\lib\\lwip\\src\\include", "C:\\Users\\Tony\\.platformio\\packages\\framework-arduinopico", "C:\\Users\\Tony\\.platformio\\packages\\framework-arduinopico\\cores\\rp2040\\freertos", "C:\\Users\\Tony\\.platformio\\packages\\framework-arduinopico\\include", "C:\\Users\\Tony\\.platformio\\packages\\framework-arduinopico\\variants\\rpipico"], "compatlib": ["p:\\Tony_stuff\\Meshcore\\MeshCore-main\\MeshCore-main\\lib\\ed25519", "p:\\Tony_stuff\\Meshcore\\MeshCore-main\\MeshCore-main\\lib\\nrf52\\include", "p:\\Tony_stuff\\Meshcore\\MeshCore-main\\MeshCore-main\\lib\\nrf52", "p:\\Tony_stuff\\Meshcore\\MeshCore-main\\MeshCore-main\\.pio\\libdeps\\waveshare_rp2040_lora_amazon_repeater\\Adafruit BusIO", "p:\\Tony_stuff\\Meshcore\\MeshCore-main\\MeshCore-main\\.pio\\libdeps\\waveshare_rp2040_lora_amazon_repeater\\ArduinoJson\\src", "p:\\Tony_stuff\\Meshcore\\MeshCore-main\\MeshCore-main\\.pio\\libdeps\\waveshare_rp2040_lora_amazon_repeater\\CayenneLPP\\src", "p:\\Tony_stuff\\Meshcore\\MeshCore-main\\MeshCore-main\\.pio\\libdeps\\waveshare_rp2040_lora_amazon_repeater\\ArduinoJson\\src", "p:\\Tony_stuff\\Meshcore\\MeshCore-main\\MeshCore-main\\.pio\\libdeps\\waveshare_rp2040_lora_amazon_repeater\\Crypto", "p:\\Tony_stuff\\Meshcore\\MeshCore-main\\MeshCore-main\\.pio\\libdeps\\waveshare_rp2040_lora_amazon_repeater\\Melopero RV3028\\src", "p:\\Tony_stuff\\Meshcore\\MeshCore-main\\MeshCore-main\\.pio\\libdeps\\waveshare_rp2040_lora_amazon_repeater\\RTClib\\src", "p:\\Tony_stuff\\Meshcore\\MeshCore-main\\MeshCore-main\\.pio\\libdeps\\waveshare_rp2040_lora_amazon_repeater\\RadioLib\\src", "C:\\Users\\Tony\\.platformio\\packages\\framework-arduinopico\\libraries\\SPI\\src", "C:\\Users\\Tony\\.platformio\\packages\\framework-arduinopico\\libraries\\LittleFS\\src", "C:\\Users\\Tony\\.platformio\\packages\\framework-arduinopico\\libraries\\MD5Builder\\src", "C:\\Users\\Tony\\.platformio\\packages\\framework-arduinopico\\libraries\\PicoOTA\\src", "C:\\Users\\Tony\\.platformio\\packages\\framework-arduinopico\\libraries\\SPI\\src", "C:\\Users\\Tony\\.platformio\\packages\\framework-arduinopico\\libraries\\Updater\\src", "C:\\Users\\Tony\\.platformio\\packages\\framework-arduinopico\\libraries\\WiFi\\src", "C:\\Users\\Tony\\.platformio\\packages\\framework-arduinopico\\libraries\\Updater\\src", "C:\\Users\\Tony\\.platformio\\packages\\framework-arduinopico\\libraries\\PicoOTA\\src", "C:\\Users\\Tony\\.platformio\\packages\\framework-arduinopico\\libraries\\LittleFS\\src", "C:\\Users\\Tony\\.platformio\\packages\\framework-arduinopico\\libraries\\MD5Builder\\src", "C:\\Users\\Tony\\.platformio\\packages\\framework-arduinopico\\libraries\\lwIP_Ethernet\\src", "C:\\Users\\Tony\\.platformio\\packages\\framework-arduinopico\\libraries\\SPI\\src", "C:\\Users\\Tony\\.platformio\\packages\\framework-arduinopico\\libraries\\Wire\\src", "C:\\Users\\Tony\\.platformio\\packages\\framework-arduinopico\\libraries\\lwIP_Ethernet\\src", "C:\\Users\\Tony\\.platformio\\packages\\framework-arduinopico\\libraries\\ADCInput\\src", "C:\\Users\\Tony\\.platformio\\packages\\framework-arduinopico\\libraries\\ArduinoOTA\\src", "C:\\Users\\Tony\\.platformio\\packages\\framework-arduinopico\\libraries\\AsyncUDP\\src", "C:\\Users\\Tony\\.platformio\\packages\\framework-arduinopico\\libraries\\AudioBufferManager\\src", "C:\\Users\\Tony\\.platformio\\packages\\framework-arduinopico\\libraries\\BTstackLib\\src", "C:\\Users\\Tony\\.platformio\\packages\\framework-arduinopico\\libraries\\BluetoothAudio\\src", "C:\\Users\\Tony\\.platformio\\packages\\framework-arduinopico\\libraries\\BluetoothHCI\\src", "C:\\Users\\Tony\\.platformio\\packages\\framework-arduinopico\\libraries\\BluetoothHIDMaster\\src", "C:\\Users\\Tony\\.platformio\\packages\\framework-arduinopico\\libraries\\DNSServer\\src", "C:\\Users\\Tony\\.platformio\\packages\\framework-arduinopico\\libraries\\EEPROM\\src", "C:\\Users\\Tony\\.platformio\\packages\\framework-arduinopico\\libraries\\ESPHost\\src", "C:\\Users\\Tony\\.platformio\\packages\\framework-arduinopico\\libraries\\FatFS\\src", "C:\\Users\\Tony\\.platformio\\packages\\framework-arduinopico\\libraries\\FatFSUSB\\src", "C:\\Users\\Tony\\.platformio\\packages\\framework-arduinopico\\libraries\\HID_Bluetooth\\src", "C:\\Users\\Tony\\.platformio\\packages\\framework-arduinopico\\libraries\\HID_Joystick\\src", "C:\\Users\\Tony\\.platformio\\packages\\framework-arduinopico\\libraries\\HID_Keyboard\\src", "C:\\Users\\Tony\\.platformio\\packages\\framework-arduinopico\\libraries\\HID_Mouse\\src", "C:\\Users\\Tony\\.platformio\\packages\\framework-arduinopico\\libraries\\HTTPClient\\src", "C:\\Users\\Tony\\.platformio\\packages\\framework-arduinopico\\libraries\\HTTPUpdate\\src", "C:\\Users\\Tony\\.platformio\\packages\\framework-arduinopico\\libraries\\HTTPUpdateServer\\src", "C:\\Users\\Tony\\.platformio\\packages\\framework-arduinopico\\libraries\\Hash\\src", "C:\\Users\\Tony\\.platformio\\packages\\framework-arduinopico\\libraries\\I2S\\src", "C:\\Users\\Tony\\.platformio\\packages\\framework-arduinopico\\libraries\\Joystick\\src", "C:\\Users\\Tony\\.platformio\\packages\\framework-arduinopico\\libraries\\JoystickBLE\\src", "C:\\Users\\Tony\\.platformio\\packages\\framework-arduinopico\\libraries\\JoystickBT\\src", "C:\\Users\\Tony\\.platformio\\packages\\framework-arduinopico\\libraries\\Keyboard\\src", "C:\\Users\\Tony\\.platformio\\packages\\framework-arduinopico\\libraries\\KeyboardBLE\\src", "C:\\Users\\Tony\\.platformio\\packages\\framework-arduinopico\\libraries\\KeyboardBT\\src", "C:\\Users\\Tony\\.platformio\\packages\\framework-arduinopico\\libraries\\LEAmDNS\\src", "C:\\Users\\Tony\\.platformio\\packages\\framework-arduinopico\\libraries\\MIDIUSB\\src", "C:\\Users\\Tony\\.platformio\\packages\\framework-arduinopico\\libraries\\Mouse\\src", "C:\\Users\\Tony\\.platformio\\packages\\framework-arduinopico\\libraries\\MouseAbsolute\\src", "C:\\Users\\Tony\\.platformio\\packages\\framework-arduinopico\\libraries\\MouseBLE\\src", "C:\\Users\\Tony\\.platformio\\packages\\framework-arduinopico\\libraries\\MouseBT\\src", "C:\\Users\\Tony\\.platformio\\packages\\framework-arduinopico\\libraries\\NetBIOS\\src", "C:\\Users\\Tony\\.platformio\\packages\\framework-arduinopico\\libraries\\PDM\\src", "C:\\Users\\Tony\\.platformio\\packages\\framework-arduinopico\\libraries\\PWMAudio\\src", "C:\\Users\\Tony\\.platformio\\packages\\framework-arduinopico\\libraries\\SD\\src", "C:\\Users\\Tony\\.platformio\\packages\\framework-arduinopico\\libraries\\SDFS\\src", "C:\\Users\\Tony\\.platformio\\packages\\framework-arduinopico\\libraries\\SPISlave\\src", "C:\\Users\\Tony\\.platformio\\packages\\framework-arduinopico\\libraries\\SdFat\\src", "C:\\Users\\Tony\\.platformio\\packages\\framework-arduinopico\\libraries\\SerialBT\\src", "C:\\Users\\Tony\\.platformio\\packages\\framework-arduinopico\\libraries\\Servo\\src", "C:\\Users\\Tony\\.platformio\\packages\\framework-arduinopico\\libraries\\SimpleMDNS\\src", "C:\\Users\\Tony\\.platformio\\packages\\framework-arduinopico\\libraries\\SingleFileDrive\\src", "C:\\Users\\Tony\\.platformio\\packages\\framework-arduinopico\\libraries\\SoftwareSPI\\src", "C:\\Users\\Tony\\.platformio\\packages\\framework-arduinopico\\libraries\\Ticker\\src", "C:\\Users\\Tony\\.platformio\\packages\\framework-arduinopico\\libraries\\VFS\\src", "C:\\Users\\Tony\\.platformio\\packages\\framework-arduinopico\\libraries\\WebServer\\src", "C:\\Users\\Tony\\.platformio\\packages\\framework-arduinopico\\libraries\\http-parser\\src", "C:\\Users\\Tony\\.platformio\\packages\\framework-arduinopico\\libraries\\lwIP_CYW43\\src", "C:\\Users\\Tony\\.platformio\\packages\\framework-arduinopico\\libraries\\lwIP_ESPHost\\src", "C:\\Users\\Tony\\.platformio\\packages\\framework-arduinopico\\libraries\\lwIP_WINC1500\\src", "C:\\Users\\Tony\\.platformio\\packages\\framework-arduinopico\\libraries\\lwIP_enc28j60\\src", "C:\\Users\\Tony\\.platformio\\packages\\framework-arduinopico\\libraries\\lwIP_w5100\\src", "C:\\Users\\Tony\\.platformio\\packages\\framework-arduinopico\\libraries\\lwIP_w5500\\src", "C:\\Users\\Tony\\.platformio\\packages\\framework-arduinopico\\libraries\\lwIP_w55rp20\\src", "C:\\Users\\Tony\\.platformio\\packages\\framework-arduinopico\\libraries\\lwIP_w6100\\src", "C:\\Users\\Tony\\.platformio\\packages\\framework-arduinopico\\libraries\\lwIP_w6300\\src", "C:\\Users\\Tony\\.platformio\\packages\\framework-arduinopico\\libraries\\rp2040", "C:\\Users\\Tony\\.platformio\\packages\\framework-arduinopico\\libraries\\rp2350"], "toolchain": ["C:\\Users\\Tony\\.platformio\\packages\\toolchain-rp2040-earlephilhower\\arm-none-eabi\\include\\c++\\14.3.0", "C:\\Users\\Tony\\.platformio\\packages\\toolchain-rp2040-earlephilhower\\arm-none-eabi\\include\\c++\\14.3.0\\arm-none-eabi", "C:\\Users\\Tony\\.platformio\\packages\\toolchain-rp2040-earlephilhower\\lib\\gcc\\arm-none-eabi\\14.3.0\\include", "C:\\Users\\Tony\\.platformio\\packages\\toolchain-rp2040-earlephilhower\\lib\\gcc\\arm-none-eabi\\14.3.0\\include-fixed", "C:\\Users\\Tony\\.platformio\\packages\\toolchain-rp2040-earlephilhower\\arm-none-eabi\\include"]}, "cc_flags": ["-std=gnu17", "-w", "-Os", "-Werror=return-type", "-Wno-psabi", "-ffunction-sections", "-fdata-sections", "-march=armv6-m", "-mcpu=cortex-m0plus", "-mthumb"], "cxx_flags": ["-fno-exceptions", "-fno-rtti", "-std=gnu++17", "-w", "-Os", "-Werror=return-type", "-Wno-psabi", "-ffunction-sections", "-fdata-sections", "-march=armv6-m", "-mcpu=cortex-m0plus", "-mthumb"], "cc_path": "C:\\Users\\Tony\\.platformio\\packages\\toolchain-rp2040-earlephilhower\\bin\\arm-none-eabi-gcc.exe", "cxx_path": "C:\\Users\\Tony\\.platformio\\packages\\toolchain-rp2040-earlephilhower\\bin\\arm-none-eabi-g++.exe", "gdb_path": "C:\\Users\\Tony\\.platformio\\packages\\toolchain-rp2040-earlephilhower\\bin\\arm-none-eabi-gdb.exe", "prog_path": "p:\\Tony_stuff\\Meshcore\\MeshCore-main\\MeshCore-main\\.pio\\build\\waveshare_rp2040_lora_amazon_repeater\\firmware.elf", "svd_path": "C:\\Users\\Tony\\.platformio\\platforms\\raspberrypi\\misc\\svd\\rp2040.svd", "compiler_type": "gcc", "targets": [{"name": "buildfs", "title": "Build Filesystem Image", "description": null, "group": "Platform"}, {"name": "upload", "title": "Default Upload", "description": null, "group": "Platform"}, {"name": "uploadfs", "title": "Upload Filesystem Image", "description": null, "group": "Platform"}, {"name": "erase", "title": "Erase Flash (via flash_nuke.uf2)", "description": null, "group": "Platform"}, {"name": "buildunified", "title": "Build unified FW+FS UF2 image", "description": null, "group": "Platform"}], "extra": {"flash_images": []}}